19,サンプルカレー1,サンプル用のカレーです,800,1000,sample.jpg
20,サンプルカレー2,サンプル用のカレーです,800,1000,sample.jpg
21,サンプルカレー3,サンプル用のカレーです,800,1000,sample.jpg
22,サンプルカレー4,サンプル用のカレーです,800,1000,sample.jpg
23,サンプルカレー5,サンプル用のカレーです,800,1000,sample.jpg
24,サンプルカレー6,サンプル用のカレーです,800,1000,sample.jpg
25,サンプルカレー7,サンプル用のカレーです,800,1000,sample.jpg
26,サンプルカレー8,サンプル用のカレーです,800,1000,sample.jpg
27,サンプルカレー9,サンプル用のカレーです,800,1000,sample.jpg
28,サンプルカレー10,サンプル用のカレーです,800,1000,sample.jpg
29,サンプルカレー11,サンプル用のカレーです,800,1000,sample.jpg
30,サンプルカレー12,サンプル用のカレーです,800,1000,sample.jpg
31,サンプルカレー13,サンプル用のカレーです,800,1000,sample.jpg
32,サンプルカレー14,サンプル用のカレーです,800,1000,sample.jpg
33,サンプルカレー15,サンプル用のカレーです,800,1000,sample.jpg
34,サンプルカレー16,サンプル用のカレーです,800,1000,sample.jpg
35,サンプルカレー17,サンプル用のカレーです,800,1000,sample.jpg
36,サンプルカレー18,サンプル用のカレーです,800,1000,sample.jpg
37,サンプルカレー19,サンプル用のカレーです,800,1000,sample.jpg
38,サンプルカレー20,サンプル用のカレーです,800,1000,sample.jpg
39,サンプルカレー21,サンプル用のカレーです,800,1000,sample.jpg
40,サンプルカレー22,サンプル用のカレーです,800,1000,sample.jpg
